"ID","group","Label"
"fun_SH019057.07FU_KF800196_reps_singleton","fun","fun_SH019057.07FU_KF800196_reps_singleton"
"fun_SH015443.07FU_AF479758_reps","fun","fun_SH015443.07FU_AF479758_reps"
"fun_SH489516.07FU_LC119083_reps","fun","fun_SH489516.07FU_LC119083_reps"
"fun_SH490774.07FU_KY687570_reps","fun","fun_SH490774.07FU_KY687570_reps"
"fun_SH026663.07FU_HQ634612_reps","fun","fun_SH026663.07FU_HQ634612_reps"
"fun_SH465267.07FU_EU490044_reps_singleton","fun","fun_SH465267.07FU_EU490044_reps_singleton"
"fun_SH028146.07FU_FJ430714_reps","fun","fun_SH028146.07FU_FJ430714_reps"
"fun_SH018180.07FU_KF800364_reps_singleton","fun","fun_SH018180.07FU_KF800364_reps_singleton"
"fun_SH028632.07FU_EU517064_refs","fun","fun_SH028632.07FU_EU517064_refs"
"fun_SH027424.07FU_AB325678_reps","fun","fun_SH027424.07FU_AB325678_reps"
"fun_SH031475.07FU_AB208109_reps_singleton","fun","fun_SH031475.07FU_AB208109_reps_singleton"
"fun_SH017461.07FU_AF250826_reps_singleton","fun","fun_SH017461.07FU_AF250826_reps_singleton"
"fun_SH022656.07FU_UDB014919_reps","fun","fun_SH022656.07FU_UDB014919_reps"
"fun_SH028295.07FU_FJ439575_reps_singleton","fun","fun_SH028295.07FU_FJ439575_reps_singleton"
"fun_SH018364.07FU_AY706320_refs","fun","fun_SH018364.07FU_AY706320_refs"
"fun_SH496037.07FU_KP020116_reps","fun","fun_SH496037.07FU_KP020116_reps"
"fun_SH026161.07FU_AY261368_reps_singleton","fun","fun_SH026161.07FU_AY261368_reps_singleton"
"fun_SH004575.07FU_AY762619_refs","fun","fun_SH004575.07FU_AY762619_refs"
"fun_SH004901.07FU_AY313033_reps_singleton","fun","fun_SH004901.07FU_AY313033_reps_singleton"
"fun_SH631749.07FU_EU386700_reps_singleton","fun","fun_SH631749.07FU_EU386700_reps_singleton"
"fun_SH631072.07FU_KX683426_reps_singleton","fun","fun_SH631072.07FU_KX683426_reps_singleton"
"fun_SH025341.07FU_AY762623_refs","fun","fun_SH025341.07FU_AY762623_refs"
"fun_SH493426.07FU_KY687621_reps_singleton","fun","fun_SH493426.07FU_KY687621_reps_singleton"
"fun_SH014388.07FU_FJ553459_reps","fun","fun_SH014388.07FU_FJ553459_reps"
"fun_SH480898.07FU_AY313953_reps_singleton","fun","fun_SH480898.07FU_AY313953_reps_singleton"
"fun_SH490345.07FU_KY687601_reps_singleton","fun","fun_SH490345.07FU_KY687601_reps_singleton"
"fun_SH028010.07FU_HE775355_reps","fun","fun_SH028010.07FU_HE775355_reps"
"fun_SH001002.07FU_JN194714_reps","fun","fun_SH001002.07FU_JN194714_reps"
"fun_SH013554.07FU_AM295494_refs","fun","fun_SH013554.07FU_AM295494_refs"
"fun_SH023605.07FU_FN547623_refs","fun","fun_SH023605.07FU_FN547623_refs"
"env1","A1","env1"
"env2","A1","env2"
"env3","A1","env3"
"env4","A1","env4"
"env5","A1","env5"
"env6","A1","env6"
"env7","A1","env7"
"env8","A1","env8"
"env9","A2","env9"
"env10","A2","env10"
"env11","A2","env11"
"env12","A2","env12"
"env13","A2","env13"
"env14","A2","env14"
"env15","A2","env15"
"env16","A2","env16"
"env17","A2","env17"
"env18","A2","env18"
"env19","A3","env19"
"env20","A3","env20"
"env21","A3","env21"
"env22","A3","env22"
"env23","A3","env23"
"env24","A3","env24"
"env25","A3","env25"
"env26","A3","env26"
"env27","A3","env27"
"env28","A3","env28"
"env29","A3","env29"
"env30","A3","env30"
"bac_ASV_657","bac","bac_ASV_657"
"bac_ASV_2","bac","bac_ASV_2"
"bac_ASV_3","bac","bac_ASV_3"
"bac_ASV_12","bac","bac_ASV_12"
"bac_ASV_4","bac","bac_ASV_4"
"bac_ASV_6","bac","bac_ASV_6"
"bac_ASV_8","bac","bac_ASV_8"
"bac_ASV_18","bac","bac_ASV_18"
"bac_ASV_9","bac","bac_ASV_9"
"bac_ASV_10","bac","bac_ASV_10"
"bac_ASV_11","bac","bac_ASV_11"
"bac_ASV_13","bac","bac_ASV_13"
"bac_ASV_15","bac","bac_ASV_15"
"bac_ASV_14","bac","bac_ASV_14"
"bac_ASV_16","bac","bac_ASV_16"
"bac_ASV_17","bac","bac_ASV_17"
"bac_ASV_28","bac","bac_ASV_28"
"bac_ASV_20","bac","bac_ASV_20"
"bac_ASV_33","bac","bac_ASV_33"
"bac_ASV_25","bac","bac_ASV_25"
"bac_ASV_21","bac","bac_ASV_21"
"bac_ASV_22","bac","bac_ASV_22"
"bac_ASV_31","bac","bac_ASV_31"
"bac_ASV_24","bac","bac_ASV_24"
"bac_ASV_23","bac","bac_ASV_23"
"bac_ASV_26","bac","bac_ASV_26"
"bac_ASV_29","bac","bac_ASV_29"
"bac_ASV_27","bac","bac_ASV_27"
"bac_ASV_30","bac","bac_ASV_30"
