"source","target","correlation","direct","cor"
"bac_ASV_17","fun_SH019057.07FU_KF800196_reps_singleton",1,"undirected","+"
"bac_ASV_4","fun_SH015443.07FU_AF479758_reps",0,"undirected","a"
"bac_ASV_28","fun_SH489516.07FU_LC119083_reps",0,"undirected","a"
"bac_ASV_6","fun_SH490774.07FU_KY687570_reps",0,"undirected","a"
"bac_ASV_17","fun_SH490774.07FU_KY687570_reps",0,"undirected","a"
"bac_ASV_4","fun_SH026663.07FU_HQ634612_reps",0,"undirected","a"
"env10","fun_SH465267.07FU_EU490044_reps_singleton",0.94112394811432,"undirected","+"
"env20","fun_SH465267.07FU_EU490044_reps_singleton",0.94112394811432,"undirected","+"
"env30","fun_SH465267.07FU_EU490044_reps_singleton",0.94112394811432,"undirected","+"
"bac_ASV_17","fun_SH018180.07FU_KF800364_reps_singleton",1,"undirected","+"
"bac_ASV_17","fun_SH028632.07FU_EU517064_refs",-1,"undirected","-"
"bac_ASV_17","fun_SH027424.07FU_AB325678_reps",0,"undirected","a"
"bac_ASV_30","fun_SH027424.07FU_AB325678_reps",0,"undirected","a"
"bac_ASV_17","fun_SH031475.07FU_AB208109_reps_singleton",0,"undirected","a"
"env9","fun_SH022656.07FU_UDB014919_reps",-0.942857142857143,"undirected","-"
"env19","fun_SH022656.07FU_UDB014919_reps",-0.942857142857143,"undirected","-"
"env29","fun_SH022656.07FU_UDB014919_reps",-0.942857142857143,"undirected","-"
"bac_ASV_28","fun_SH022656.07FU_UDB014919_reps",0,"undirected","a"
"bac_ASV_17","fun_SH028295.07FU_FJ439575_reps_singleton",0,"undirected","a"
"bac_ASV_30","fun_SH028295.07FU_FJ439575_reps_singleton",0,"undirected","a"
"bac_ASV_4","fun_SH018364.07FU_AY706320_refs",0,"undirected","a"
"bac_ASV_6","fun_SH004901.07FU_AY313033_reps_singleton",0,"undirected","a"
"bac_ASV_17","fun_SH004901.07FU_AY313033_reps_singleton",0,"undirected","a"
"env8","fun_SH631749.07FU_EU386700_reps_singleton",-0.942857142857143,"undirected","-"
"env18","fun_SH631749.07FU_EU386700_reps_singleton",-0.942857142857143,"undirected","-"
"env28","fun_SH631749.07FU_EU386700_reps_singleton",-0.942857142857143,"undirected","-"
"env2","fun_SH493426.07FU_KY687621_reps_singleton",0.942857142857143,"undirected","+"
"env12","fun_SH493426.07FU_KY687621_reps_singleton",0.942857142857143,"undirected","+"
"env22","fun_SH493426.07FU_KY687621_reps_singleton",0.942857142857143,"undirected","+"
"bac_ASV_33","fun_SH480898.07FU_AY313953_reps_singleton",0,"undirected","a"
"bac_ASV_24","fun_SH023605.07FU_FN547623_refs",0,"undirected","a"
"env11","env1",1,"undirected","+"
"env21","env1",1,"undirected","+"
"env12","env2",1,"undirected","+"
"env22","env2",1,"undirected","+"
"env13","env3",1,"undirected","+"
"env23","env3",1,"undirected","+"
"env14","env4",1,"undirected","+"
"env24","env4",1,"undirected","+"
"env15","env5",1,"undirected","+"
"env25","env5",1,"undirected","+"
"bac_ASV_30","env5",0,"undirected","a"
"env16","env6",1,"undirected","+"
"env26","env6",1,"undirected","+"
"bac_ASV_26","env6",-1,"undirected","-"
"env17","env7",1,"undirected","+"
"env27","env7",1,"undirected","+"
"bac_ASV_24","env7",0,"undirected","a"
"bac_ASV_27","env7",1,"undirected","+"
"env18","env8",1,"undirected","+"
"env28","env8",1,"undirected","+"
"env19","env9",1,"undirected","+"
"env29","env9",1,"undirected","+"
"env20","env10",1,"undirected","+"
"env30","env10",1,"undirected","+"
"env21","env11",1,"undirected","+"
"env22","env12",1,"undirected","+"
"env23","env13",1,"undirected","+"
"env24","env14",1,"undirected","+"
"env25","env15",1,"undirected","+"
"bac_ASV_30","env15",0,"undirected","a"
"env26","env16",1,"undirected","+"
"bac_ASV_26","env16",-1,"undirected","-"
"env27","env17",1,"undirected","+"
"bac_ASV_24","env17",0,"undirected","a"
"bac_ASV_27","env17",1,"undirected","+"
"env28","env18",1,"undirected","+"
"bac_ASV_30","env25",0,"undirected","a"
"bac_ASV_26","env26",-1,"undirected","-"
"bac_ASV_24","env27",0,"undirected","a"
"bac_ASV_27","env27",1,"undirected","+"
