"source","target","correlation","direct","cor"
"bac_ASV_4","fun_SH019057.07FU_KF800196_reps_singleton",0,"undirected","a"
"bac_ASV_23","fun_SH019057.07FU_KF800196_reps_singleton",0,"undirected","a"
"bac_ASV_11","fun_SH490774.07FU_KY687570_reps",0,"undirected","a"
"bac_ASV_25","fun_SH490774.07FU_KY687570_reps",0,"undirected","a"
"bac_ASV_4","fun_SH026663.07FU_HQ634612_reps",0,"undirected","a"
"bac_ASV_23","fun_SH026663.07FU_HQ634612_reps",0,"undirected","a"
"bac_ASV_29","fun_SH026663.07FU_HQ634612_reps",0,"undirected","a"
"bac_ASV_24","fun_SH465267.07FU_EU490044_reps_singleton",-0.985610760609162,"undirected","-"
"bac_ASV_25","fun_SH028146.07FU_FJ430714_reps",0,"undirected","a"
"bac_ASV_4","fun_SH018180.07FU_KF800364_reps_singleton",0,"undirected","a"
"bac_ASV_23","fun_SH018180.07FU_KF800364_reps_singleton",0,"undirected","a"
"bac_ASV_4","fun_SH028632.07FU_EU517064_refs",-1,"undirected","-"
"bac_ASV_23","fun_SH028632.07FU_EU517064_refs",-1,"undirected","-"
"bac_ASV_4","fun_SH022656.07FU_UDB014919_reps",0,"undirected","a"
"bac_ASV_23","fun_SH022656.07FU_UDB014919_reps",0,"undirected","a"
"env10","fun_SH028295.07FU_FJ439575_reps_singleton",0.942857142857143,"undirected","+"
"env20","fun_SH028295.07FU_FJ439575_reps_singleton",0.942857142857143,"undirected","+"
"env30","fun_SH028295.07FU_FJ439575_reps_singleton",0.942857142857143,"undirected","+"
"bac_ASV_29","fun_SH018364.07FU_AY706320_refs",0,"undirected","a"
"bac_ASV_18","fun_SH496037.07FU_KP020116_reps",0,"undirected","a"
"bac_ASV_24","fun_SH004575.07FU_AY762619_refs",0,"undirected","a"
"bac_ASV_4","fun_SH004901.07FU_AY313033_reps_singleton",0,"undirected","a"
"bac_ASV_23","fun_SH004901.07FU_AY313033_reps_singleton",0,"undirected","a"
"env2","fun_SH631749.07FU_EU386700_reps_singleton",0.942857142857143,"undirected","+"
"env8","fun_SH631749.07FU_EU386700_reps_singleton",0.942857142857143,"undirected","+"
"env9","fun_SH631749.07FU_EU386700_reps_singleton",0.942857142857143,"undirected","+"
"env12","fun_SH631749.07FU_EU386700_reps_singleton",0.942857142857143,"undirected","+"
"env18","fun_SH631749.07FU_EU386700_reps_singleton",0.942857142857143,"undirected","+"
"env19","fun_SH631749.07FU_EU386700_reps_singleton",0.942857142857143,"undirected","+"
"env22","fun_SH631749.07FU_EU386700_reps_singleton",0.942857142857143,"undirected","+"
"env28","fun_SH631749.07FU_EU386700_reps_singleton",0.942857142857143,"undirected","+"
"env29","fun_SH631749.07FU_EU386700_reps_singleton",0.942857142857143,"undirected","+"
"bac_ASV_24","fun_SH014388.07FU_FJ553459_reps",0,"undirected","a"
"bac_ASV_8","fun_SH490345.07FU_KY687601_reps_singleton",0,"undirected","a"
"bac_ASV_22","fun_SH490345.07FU_KY687601_reps_singleton",0,"undirected","a"
"bac_ASV_4","fun_SH028010.07FU_HE775355_reps",0,"undirected","a"
"bac_ASV_23","fun_SH028010.07FU_HE775355_reps",0,"undirected","a"
"bac_ASV_11","fun_SH023605.07FU_FN547623_refs",0,"undirected","a"
"env11","env1",1,"undirected","+"
"env21","env1",1,"undirected","+"
"env12","env2",1,"undirected","+"
"env22","env2",1,"undirected","+"
"bac_ASV_10","env2",0,"undirected","a"
"env13","env3",1,"undirected","+"
"env23","env3",1,"undirected","+"
"bac_ASV_2","env3",0,"undirected","a"
"bac_ASV_3","env3",0,"undirected","a"
"env14","env4",1,"undirected","+"
"env24","env4",1,"undirected","+"
"bac_ASV_30","env4",0,"undirected","a"
"env15","env5",1,"undirected","+"
"env16","env5",1,"undirected","+"
"env25","env5",1,"undirected","+"
"env26","env5",1,"undirected","+"
"bac_ASV_657","env5",0,"undirected","a"
"env15","env6",1,"undirected","+"
"env16","env6",1,"undirected","+"
"env25","env6",1,"undirected","+"
"env26","env6",1,"undirected","+"
"bac_ASV_657","env6",0,"undirected","a"
"env17","env7",1,"undirected","+"
"env27","env7",1,"undirected","+"
"bac_ASV_2","env7",0,"undirected","a"
"bac_ASV_3","env7",0,"undirected","a"
"bac_ASV_14","env7",0,"undirected","a"
"env9","env8",1,"undirected","+"
"env18","env8",1,"undirected","+"
"env19","env8",1,"undirected","+"
"env28","env8",1,"undirected","+"
"env29","env8",1,"undirected","+"
"env19","env9",1,"undirected","+"
"env28","env9",1,"undirected","+"
"env29","env9",1,"undirected","+"
"env20","env10",1,"undirected","+"
"env30","env10",1,"undirected","+"
"env21","env11",1,"undirected","+"
"env22","env12",1,"undirected","+"
"bac_ASV_10","env12",0,"undirected","a"
"env23","env13",1,"undirected","+"
"bac_ASV_2","env13",0,"undirected","a"
"bac_ASV_3","env13",0,"undirected","a"
"env24","env14",1,"undirected","+"
"bac_ASV_30","env14",0,"undirected","a"
"env25","env15",1,"undirected","+"
"env26","env15",1,"undirected","+"
"bac_ASV_657","env15",0,"undirected","a"
"env25","env16",1,"undirected","+"
"env26","env16",1,"undirected","+"
"bac_ASV_657","env16",0,"undirected","a"
"env27","env17",1,"undirected","+"
"bac_ASV_2","env17",0,"undirected","a"
"bac_ASV_3","env17",0,"undirected","a"
"bac_ASV_14","env17",0,"undirected","a"
"env19","env18",1,"undirected","+"
"env28","env18",1,"undirected","+"
"env29","env18",1,"undirected","+"
"bac_ASV_10","env22",0,"undirected","a"
"bac_ASV_2","env23",0,"undirected","a"
"bac_ASV_3","env23",0,"undirected","a"
"bac_ASV_30","env24",0,"undirected","a"
"bac_ASV_657","env25",0,"undirected","a"
"bac_ASV_657","env26",0,"undirected","a"
"bac_ASV_2","env27",0,"undirected","a"
"bac_ASV_3","env27",0,"undirected","a"
"bac_ASV_14","env27",0,"undirected","a"
