"ID","Kingdom","Phylum","Class","Order","Family","Genus","Species","mean","Label"
"ASV_1","Bacteria","Actinobacteria","Actinobacteria","Actinomycetales","Thermomonosporaceae","Unassigned","Unassigned",0.0410222878100701,"ASV_1"
"ASV_10","Bacteria","Proteobacteria","Alphaproteobacteria","Rhizobiales","Rhizobiaceae","Rhizobium","Unassigned",0.0117295149586163,"ASV_10"
"ASV_100","Bacteria","Proteobacteria","Betaproteobacteria","Burkholderiales","Comamonadaceae","Hydrogenophaga","Hydrogenophaga_intermedia",0.00169353801749931,"ASV_100"
"ASV_101","Bacteria","Proteobacteria","Unassigned","Unassigned","Unassigned","Unassigned","Unassigned",0.00173466084347017,"ASV_101"
"ASV_102","Bacteria","Proteobacteria","Gammaproteobacteria","Unassigned","Unassigned","Unassigned","Unassigned",0.00177907168112498,"ASV_102"
"ASV_103","Bacteria","Proteobacteria","Alphaproteobacteria","Rhizobiales","Phyllobacteriaceae","Phyllobacterium","Phyllobacterium_bourgognense",0.00149028701670355,"ASV_103"
"ASV_104","Bacteria","Proteobacteria","Betaproteobacteria","Burkholderiales","Comamonadaceae","Polaromonas","Unassigned",0.00167381905593261,"ASV_104"
"ASV_105","Bacteria","Proteobacteria","Alphaproteobacteria","Rhizobiales","Hyphomicrobiaceae","Devosia","Unassigned",0.0014787427175739,"ASV_105"
"ASV_106","Bacteria","Actinobacteria","Actinobacteria","Actinomycetales","Streptomycetaceae","Streptomyces","Unassigned",0.0016204431551112,"ASV_106"
"ASV_107","Bacteria","Proteobacteria","Betaproteobacteria","Burkholderiales","Unassigned","Unassigned","Unassigned",0.00146367424154206,"ASV_107"
"ASV_108","Bacteria","Proteobacteria","Alphaproteobacteria","Rhizobiales","Rhizobiaceae","Ensifer","Unassigned",0.00150576845810783,"ASV_108"
"ASV_109","Bacteria","Actinobacteria","Actinobacteria","Actinomycetales","Pseudonocardiaceae","Unassigned","Unassigned",0.00159179698116787,"ASV_109"
"ASV_11","Bacteria","Proteobacteria","Betaproteobacteria","Burkholderiales","Oxalobacteraceae","Unassigned","Unassigned",0.0106063356734048,"ASV_11"
"ASV_110","Bacteria","Proteobacteria","Unassigned","Unassigned","Unassigned","Unassigned","Unassigned",0.00162915129924017,"ASV_110"
"ASV_111","Bacteria","Proteobacteria","Betaproteobacteria","Burkholderiales","Unassigned","Unassigned","Unassigned",0.00145512768106887,"ASV_111"
"ASV_112","Bacteria","Bacteroidetes","Sphingobacteriia","Sphingobacteriales","Chitinophagaceae","Niastella","Unassigned",0.00143809179655379,"ASV_112"
"ASV_113","Bacteria","Actinobacteria","Actinobacteria","Actinomycetales","Microbacteriaceae","Agromyces","Unassigned",0.00152964045069124,"ASV_113"
"ASV_114","Bacteria","Proteobacteria","Deltaproteobacteria","Myxococcales","Sandaracinaceae","Sandaracinus","Sandaracinus_amylolyticus",0.00171654780420076,"ASV_114"
"ASV_115","Bacteria","Proteobacteria","Betaproteobacteria","Unassigned","Unassigned","Unassigned","Unassigned",0.00147671097269957,"ASV_115"
"ASV_116","Bacteria","Actinobacteria","Actinobacteria","Actinomycetales","Pseudonocardiaceae","Kibdelosporangium","Kibdelosporangium_phytohabitans",0.00133828528849293,"ASV_116"
"ASV_117","Bacteria","Actinobacteria","Actinobacteria","Actinomycetales","Micromonosporaceae","Micromonospora","Unassigned",0.00141875541795142,"ASV_117"
"ASV_118","Bacteria","Proteobacteria","Betaproteobacteria","Burkholderiales","Comamonadaceae","Variovorax","Unassigned",0.00131812778341712,"ASV_118"
"ASV_119","Bacteria","Proteobacteria","Gammaproteobacteria","Xanthomonadales","Sinobacteraceae","Steroidobacter","Steroidobacter_denitrificans",0.00139593168005747,"ASV_119"
"ASV_12","Bacteria","Bacteroidetes","Flavobacteriia","Flavobacteriales","Flavobacteriaceae","Flavobacterium","Flavobacterium_terrae",0.00956955507902065,"ASV_12"
"ASV_120","Bacteria","Actinobacteria","Actinobacteria","Actinomycetales","Nocardioidaceae","Aeromicrobium","Aeromicrobium_ginsengisoli",0.00129046960856887,"ASV_120"
"ASV_121","Bacteria","Proteobacteria","Unassigned","Unassigned","Unassigned","Unassigned","Unassigned",0.00123046853737406,"ASV_121"
"ASV_122","Bacteria","Actinobacteria","Actinobacteria","Unassigned","Unassigned","Unassigned","Unassigned",0.00144087754104236,"ASV_122"
"ASV_123","Bacteria","Proteobacteria","Betaproteobacteria","Burkholderiales","Burkholderiales_incertae_sedis","Aquabacterium","Unassigned",0.00122984482074995,"ASV_123"
"ASV_124","Bacteria","Proteobacteria","Unassigned","Unassigned","Unassigned","Unassigned","Unassigned",0.0012143689539199,"ASV_124"
"ASV_125","Bacteria","Actinobacteria","Actinobacteria","Actinomycetales","Streptosporangiaceae","Unassigned","Unassigned",0.00135737790071186,"ASV_125"
"ASV_126","Bacteria","Actinobacteria","Actinobacteria","Actinomycetales","Nocardioidaceae","Nocardioides","Unassigned",0.00136170782139625,"ASV_126"
"ASV_127","Bacteria","Proteobacteria","Betaproteobacteria","Burkholderiales","Unassigned","Unassigned","Unassigned",0.00121619867837497,"ASV_127"
"ASV_128","Bacteria","Proteobacteria","Betaproteobacteria","Burkholderiales","Comamonadaceae","Unassigned","Unassigned",0.00116703643473782,"ASV_128"
"ASV_129","Bacteria","Proteobacteria","Alphaproteobacteria","Rhizobiales","Rhizobiaceae","Rhizobium","Rhizobium_alvei",0.00126034935078114,"ASV_129"
"ASV_13","Bacteria","Proteobacteria","Betaproteobacteria","Burkholderiales","Comamonadaceae","Unassigned","Unassigned",0.0102190365087841,"ASV_13"
"ASV_130","Bacteria","Proteobacteria","Unassigned","Unassigned","Unassigned","Unassigned","Unassigned",0.00111152348586712,"ASV_130"
"ASV_132","Bacteria","Proteobacteria","Betaproteobacteria","Burkholderiales","Unassigned","Unassigned","Unassigned",0.00110894901097101,"ASV_132"
"ASV_133","Bacteria","Proteobacteria","Gammaproteobacteria","Xanthomonadales","Xanthomonadaceae","Unassigned","Unassigned",0.00120105764910997,"ASV_133"
"ASV_134","Bacteria","Proteobacteria","Alphaproteobacteria","Rhizobiales","Phyllobacteriaceae","Mesorhizobium","Unassigned",0.00132819728687404,"ASV_134"
"ASV_135","Bacteria","Actinobacteria","Actinobacteria","Actinomycetales","Streptosporangiaceae","Unassigned","Unassigned",0.0012340769567967,"ASV_135"
"ASV_136","Bacteria","Proteobacteria","Betaproteobacteria","Burkholderiales","Burkholderiales_incertae_sedis","Unassigned","Unassigned",0.00115781528846144,"ASV_136"
"ASV_137","Bacteria","Actinobacteria","Actinobacteria","Actinomycetales","Nocardioidaceae","Nocardioides","Unassigned",0.00122368898845376,"ASV_137"
"ASV_138","Bacteria","Actinobacteria","Actinobacteria","Actinomycetales","Unassigned","Unassigned","Unassigned",0.00111998194267309,"ASV_138"
"ASV_14","Bacteria","Proteobacteria","Betaproteobacteria","Burkholderiales","Unassigned","Unassigned","Unassigned",0.00954465127546137,"ASV_14"
"ASV_140","Bacteria","Proteobacteria","Alphaproteobacteria","Sphingomonadales","Erythrobacteraceae","Altererythrobacter","Unassigned",0.00105489736368659,"ASV_140"
"ASV_141","Bacteria","Proteobacteria","Betaproteobacteria","Burkholderiales","Oxalobacteraceae","Massilia","Unassigned",0.00110165006556283,"ASV_141"
"ASV_142","Bacteria","Proteobacteria","Alphaproteobacteria","Rhizobiales","Unassigned","Unassigned","Unassigned",0.00115460621595627,"ASV_142"
"ASV_143","Bacteria","Proteobacteria","Gammaproteobacteria","Pseudomonadales","Pseudomonadaceae","Unassigned","Unassigned",0.00101634919148842,"ASV_143"
"ASV_144","Bacteria","Proteobacteria","Betaproteobacteria","Burkholderiales","Oxalobacteraceae","Unassigned","Unassigned",0.00103800518297461,"ASV_144"
"ASV_145","Bacteria","Proteobacteria","Betaproteobacteria","Burkholderiales","Comamonadaceae","Roseateles","Unassigned",0.00101754911296553,"ASV_145"
"ASV_146","Bacteria","Unassigned","Unassigned","Unassigned","Unassigned","Unassigned","Unassigned",0.00100384637516246,"ASV_146"
"ASV_147","Bacteria","Proteobacteria","Alphaproteobacteria","Caulobacterales","Caulobacteraceae","Phenylobacterium","Phenylobacterium_composti",0.00102452655679376,"ASV_147"
"ASV_148","Bacteria","Proteobacteria","Alphaproteobacteria","Rhizobiales","Unassigned","Unassigned","Unassigned",0.00102929559903938,"ASV_148"
"ASV_15","Bacteria","Proteobacteria","Alphaproteobacteria","Rhizobiales","Bradyrhizobiaceae","Bradyrhizobium","Bradyrhizobium_neotropicale",0.00966591129228806,"ASV_15"
"ASV_150","Bacteria","Proteobacteria","Betaproteobacteria","Burkholderiales","Unassigned","Unassigned","Unassigned",0.0010482085383093,"ASV_150"
"ASV_151","Bacteria","Unassigned","Unassigned","Unassigned","Unassigned","Unassigned","Unassigned",0.00103550541449613,"ASV_151"
"ASV_153","Bacteria","Proteobacteria","Gammaproteobacteria","Xanthomonadales","Sinobacteraceae","Unassigned","Unassigned",0.00107431303451883,"ASV_153"
"ASV_154","Bacteria","Actinobacteria","Actinobacteria","Actinomycetales","Pseudonocardiaceae","Lentzea","Unassigned",0.00110549769294875,"ASV_154"
"ASV_155","Bacteria","Actinobacteria","Actinobacteria","Actinomycetales","Nocardioidaceae","Nocardioides","Unassigned",0.00102151293013237,"ASV_155"
"ASV_156","Bacteria","Proteobacteria","Alphaproteobacteria","Rhizobiales","Hyphomicrobiaceae","Hyphomicrobium","Unassigned",0.00116738073524939,"ASV_156"
"ASV_157","Bacteria","Proteobacteria","Alphaproteobacteria","Rhizobiales","Bradyrhizobiaceae","Bosea","Bosea_eneae",0.00101686389444151,"ASV_157"
"ASV_159","Bacteria","Actinobacteria","Actinobacteria","Actinomycetales","Streptomycetaceae","Streptomyces","Streptomyces_canus",0.00102401862077911,"ASV_159"
"ASV_16","Bacteria","Actinobacteria","Actinobacteria","Actinomycetales","Streptomycetaceae","Streptomyces","Streptomyces_ederensis",0.00885890514967286,"ASV_16"
"ASV_162","Bacteria","Proteobacteria","Alphaproteobacteria","Rhodospirillales","Unassigned","Reyranella","Reyranella_soli",0.00105644660118219,"ASV_162"
"ASV_163","Bacteria","Actinobacteria","Actinobacteria","Actinomycetales","Unassigned","Unassigned","Unassigned",0.00106690357415815,"ASV_163"
"ASV_166","Bacteria","Proteobacteria","Betaproteobacteria","Burkholderiales","Unassigned","Unassigned","Unassigned",0.00395250046423699,"ASV_166"
"ASV_17","Bacteria","Proteobacteria","Betaproteobacteria","Burkholderiales","Comamonadaceae","Unassigned","Unassigned",0.00823464496795918,"ASV_17"
"ASV_172","Bacteria","Firmicutes","Bacilli","Bacillales","Bacillaceae_1","Bacillus","Unassigned",0.00104426290022225,"ASV_172"
"ASV_18","Bacteria","Actinobacteria","Actinobacteria","Actinomycetales","Pseudonocardiaceae","Lentzea","Lentzea_flaviverrucosa",0.0078908506368914,"ASV_18"
"ASV_180","Bacteria","Actinobacteria","Actinobacteria","Actinomycetales","Unassigned","Unassigned","Unassigned",0.00101292788541993,"ASV_180"
"ASV_19","Bacteria","Actinobacteria","Actinobacteria","Actinomycetales","Pseudonocardiaceae","Lentzea","Lentzea_flaviverrucosa",0.0068787502657412,"ASV_19"
"ASV_2","Bacteria","Proteobacteria","Betaproteobacteria","Burkholderiales","Comamonadaceae","Pelomonas","Pelomonas_puraquae",0.0381934648612627,"ASV_2"
"ASV_20","Bacteria","Actinobacteria","Actinobacteria","Actinomycetales","Pseudonocardiaceae","Amycolatopsis","Unassigned",0.00668869280198465,"ASV_20"
"ASV_21","Bacteria","Actinobacteria","Actinobacteria","Actinomycetales","Nocardioidaceae","Kribbella","Kribbella_catacumbae",0.00572980664449954,"ASV_21"
"ASV_22","Bacteria","Proteobacteria","Alphaproteobacteria","Rhizobiales","Unassigned","Unassigned","Unassigned",0.00561760271622002,"ASV_22"
"ASV_23","Bacteria","Actinobacteria","Actinobacteria","Actinomycetales","Pseudonocardiaceae","Amycolatopsis","Amycolatopsis_keratiniphila_subsp._keratiniphila",0.00535191371049681,"ASV_23"
"ASV_24","Bacteria","Proteobacteria","Alphaproteobacteria","Sphingomonadales","Sphingomonadaceae","Sphingomonas","Unassigned",0.00537432050498574,"ASV_24"
"ASV_25","Bacteria","Actinobacteria","Actinobacteria","Actinomycetales","Pseudonocardiaceae","Actinophytocola","Actinophytocola_burenkhanensis",0.00578872590298593,"ASV_25"
"ASV_26","Bacteria","Actinobacteria","Actinobacteria","Actinomycetales","Pseudonocardiaceae","Actinophytocola","Actinophytocola_burenkhanensis",0.00545600984057295,"ASV_26"
"ASV_27","Bacteria","Proteobacteria","Alphaproteobacteria","Rhizobiales","Bradyrhizobiaceae","Bradyrhizobium","Bradyrhizobium_neotropicale",0.00520424267801073,"ASV_27"
"ASV_28","Bacteria","Actinobacteria","Actinobacteria","Actinomycetales","Thermomonosporaceae","Actinocorallia","Unassigned",0.00726180434285665,"ASV_28"
"ASV_29","Bacteria","Proteobacteria","Alphaproteobacteria","Rhizobiales","Rhizobiaceae","Unassigned","Unassigned",0.00511914344743879,"ASV_29"
"ASV_3","Bacteria","Proteobacteria","Gammaproteobacteria","Pseudomonadales","Pseudomonadaceae","Rhizobacter","Rhizobacter_bergeniae",0.0255338998943445,"ASV_3"
"ASV_30","Bacteria","Proteobacteria","Betaproteobacteria","Burkholderiales","Burkholderiales_incertae_sedis","Unassigned","Unassigned",0.00499009338776842,"ASV_30"
"ASV_31","Bacteria","Actinobacteria","Actinobacteria","Actinomycetales","Micromonosporaceae","Actinoplanes","Unassigned",0.00540986750797121,"ASV_31"
"ASV_32","Bacteria","Proteobacteria","Betaproteobacteria","Burkholderiales","Comamonadaceae","Kinneretia","Kinneretia_asaccharophila",0.00484136799715041,"ASV_32"
"ASV_33","Bacteria","Proteobacteria","Gammaproteobacteria","Xanthomonadales","Sinobacteraceae","Steroidobacter","Unassigned",0.00603079879321198,"ASV_33"
"ASV_34","Bacteria","Actinobacteria","Actinobacteria","Actinomycetales","Kineosporiaceae","Kineosporia","Kineosporia_rhamnosa",0.00478985099107313,"ASV_34"
"ASV_35","Bacteria","Proteobacteria","Betaproteobacteria","Burkholderiales","Unassigned","Unassigned","Unassigned",0.00472427456609237,"ASV_35"
"ASV_36","Bacteria","Proteobacteria","Betaproteobacteria","Burkholderiales","Oxalobacteraceae","Pseudoduganella","Pseudoduganella_violaceinigra",0.00467583048073509,"ASV_36"
"ASV_37","Bacteria","Proteobacteria","Gammaproteobacteria","Xanthomonadales","Sinobacteraceae","Steroidobacter","Unassigned",0.00460560567108793,"ASV_37"
"ASV_38","Bacteria","Proteobacteria","Betaproteobacteria","Burkholderiales","Oxalobacteraceae","Pseudoduganella","Pseudoduganella_violaceinigra",0.0042190909676905,"ASV_38"
"ASV_39","Bacteria","Proteobacteria","Betaproteobacteria","Burkholderiales","Unassigned","Unassigned","Unassigned",0.00403541867479085,"ASV_39"
"ASV_4","Bacteria","Proteobacteria","Gammaproteobacteria","Pseudomonadales","Pseudomonadaceae","Rhizobacter","Unassigned",0.0214304037115736,"ASV_4"
"ASV_40","Bacteria","Chloroflexi","Chloroflexia","Herpetosiphonales","Herpetosiphonaceae","Herpetosiphon","Unassigned",0.00370908488470881,"ASV_40"
"ASV_41","Bacteria","Proteobacteria","Betaproteobacteria","Burkholderiales","Oxalobacteraceae","Unassigned","Unassigned",0.00406399353789435,"ASV_41"
"ASV_42","Bacteria","Actinobacteria","Actinobacteria","Actinomycetales","Pseudonocardiaceae","Lentzea","Unassigned",0.00402767414773764,"ASV_42"
"ASV_43","Bacteria","Firmicutes","Bacilli","Bacillales","Bacillaceae_1","Bacillus","Unassigned",0.00461625873715266,"ASV_43"
"ASV_44","Bacteria","Proteobacteria","Betaproteobacteria","Burkholderiales","Comamonadaceae","Kinneretia","Kinneretia_asaccharophila",0.00365655796868405,"ASV_44"
"ASV_45","Bacteria","Actinobacteria","Actinobacteria","Actinomycetales","Pseudonocardiaceae","Lentzea","Lentzea_kentuckyensis",0.00371858094044722,"ASV_45"
"ASV_46","Bacteria","Proteobacteria","Gammaproteobacteria","Xanthomonadales","Sinobacteraceae","Unassigned","Unassigned",0.00404019990640008,"ASV_46"
"ASV_47","Bacteria","Proteobacteria","Betaproteobacteria","Burkholderiales","Comamonadaceae","Unassigned","Unassigned",0.00427318855875373,"ASV_47"
"ASV_48","Bacteria","Proteobacteria","Alphaproteobacteria","Rhizobiales","Rhizobiaceae","Ensifer","Unassigned",0.00370271009370542,"ASV_48"
"ASV_49","Bacteria","Actinobacteria","Actinobacteria","Actinomycetales","Pseudonocardiaceae","Lentzea","Lentzea_albida",0.0035411351705037,"ASV_49"
"ASV_50","Bacteria","Proteobacteria","Betaproteobacteria","Burkholderiales","Oxalobacteraceae","Pseudoduganella","Pseudoduganella_violaceinigra",0.00364033318155235,"ASV_50"
"ASV_51","Bacteria","Bacteroidetes","Flavobacteriia","Flavobacteriales","Flavobacteriaceae","Flavobacterium","Unassigned",0.00327125438518495,"ASV_51"
"ASV_52","Bacteria","Actinobacteria","Actinobacteria","Actinomycetales","Micromonosporaceae","Unassigned","Unassigned",0.00449470547456052,"ASV_52"
"ASV_53","Bacteria","Actinobacteria","Actinobacteria","Actinomycetales","Microbacteriaceae","Agromyces","Unassigned",0.00327151745081352,"ASV_53"
"ASV_54","Bacteria","Proteobacteria","Unassigned","Unassigned","Unassigned","Unassigned","Unassigned",0.00318200298952838,"ASV_54"
"ASV_55","Bacteria","Proteobacteria","Betaproteobacteria","Burkholderiales","Burkholderiales_incertae_sedis","Piscinibacter","Piscinibacter_aquaticus",0.00315239178435816,"ASV_55"
"ASV_56","Bacteria","Proteobacteria","Alphaproteobacteria","Rhizobiales","Hyphomicrobiaceae","Devosia","Unassigned",0.00305780508282135,"ASV_56"
"ASV_57","Bacteria","Proteobacteria","Betaproteobacteria","Burkholderiales","Oxalobacteraceae","Unassigned","Unassigned",0.00319522527803721,"ASV_57"
"ASV_59","Bacteria","Actinobacteria","Actinobacteria","Actinomycetales","Nocardioidaceae","Nocardioides","Unassigned",0.00304060753773253,"ASV_59"
"ASV_6","Bacteria","Proteobacteria","Betaproteobacteria","Burkholderiales","Unassigned","Unassigned","Unassigned",0.0164928681001205,"ASV_6"
"ASV_60","Bacteria","Proteobacteria","Betaproteobacteria","Burkholderiales","Unassigned","Unassigned","Unassigned",0.00269527122396225,"ASV_60"
"ASV_61","Bacteria","Proteobacteria","Betaproteobacteria","Burkholderiales","Oxalobacteraceae","Noviherbaspirillum","Noviherbaspirillum_suwonense",0.00267508645704021,"ASV_61"
"ASV_62","Bacteria","Proteobacteria","Alphaproteobacteria","Rhizobiales","Rhizobiaceae","Ensifer","Ensifer_americanus",0.00286486842105536,"ASV_62"
"ASV_63","Bacteria","Proteobacteria","Alphaproteobacteria","Caulobacterales","Caulobacteraceae","Phenylobacterium","Phenylobacterium_composti",0.002529625265843,"ASV_63"
"ASV_64","Bacteria","Proteobacteria","Deltaproteobacteria","Unassigned","Unassigned","Unassigned","Unassigned",0.00244547664790829,"ASV_64"
"ASV_65","Bacteria","Proteobacteria","Alphaproteobacteria","Rhizobiales","Bradyrhizobiaceae","Unassigned","Unassigned",0.00255010866421691,"ASV_65"
"ASV_66","Bacteria","Proteobacteria","Alphaproteobacteria","Rhodospirillales","Rhodospirillaceae","Dongia","Dongia_mobilis",0.00241955555998665,"ASV_66"
"ASV_67","Bacteria","Proteobacteria","Gammaproteobacteria","Pseudomonadales","Pseudomonadaceae","Pseudomonas","Pseudomonas_chlororaphis_subsp._piscium",0.00277477343191841,"ASV_67"
"ASV_68","Bacteria","Proteobacteria","Alphaproteobacteria","Rhizobiales","Unassigned","Unassigned","Unassigned",0.00233691452938428,"ASV_68"
"ASV_69","Bacteria","Actinobacteria","Actinobacteria","Actinomycetales","Pseudonocardiaceae","Kibdelosporangium","Kibdelosporangium_phytohabitans",0.00236386747405787,"ASV_69"
"ASV_7","Bacteria","Bacteroidetes","Flavobacteriia","Flavobacteriales","Flavobacteriaceae","Flavobacterium","Unassigned",0.0161021921169117,"ASV_7"
"ASV_70","Bacteria","Proteobacteria","Gammaproteobacteria","Xanthomonadales","Xanthomonadaceae","Pseudoxanthomonas","Pseudoxanthomonas_gei",0.00229361386408052,"ASV_70"
"ASV_71","Bacteria","Proteobacteria","Alphaproteobacteria","Sphingomonadales","Sphingomonadaceae","Sphingopyxis","Sphingopyxis_soli",0.00234269419799366,"ASV_71"
"ASV_72","Bacteria","Proteobacteria","Betaproteobacteria","Burkholderiales","Comamonadaceae","Variovorax","Unassigned",0.0023219885619157,"ASV_72"
"ASV_73","Bacteria","Proteobacteria","Betaproteobacteria","Burkholderiales","Oxalobacteraceae","Unassigned","Unassigned",0.00226809142530609,"ASV_73"
"ASV_74","Bacteria","Proteobacteria","Alphaproteobacteria","Rhizobiales","Bradyrhizobiaceae","Bradyrhizobium","Bradyrhizobium_neotropicale",0.00223441532580838,"ASV_74"
"ASV_75","Bacteria","Proteobacteria","Betaproteobacteria","Burkholderiales","Comamonadaceae","Variovorax","Unassigned",0.00207423802824518,"ASV_75"
"ASV_76","Bacteria","Proteobacteria","Gammaproteobacteria","Xanthomonadales","Xanthomonadaceae","Lysobacter","Unassigned",0.00207639284364494,"ASV_76"
"ASV_77","Bacteria","Proteobacteria","Gammaproteobacteria","Xanthomonadales","Sinobacteraceae","Steroidobacter","Steroidobacter_denitrificans",0.00249416546003405,"ASV_77"
"ASV_78","Bacteria","Chloroflexi","Chloroflexia","Herpetosiphonales","Herpetosiphonaceae","Herpetosiphon","Unassigned",0.00195373693178727,"ASV_78"
"ASV_79","Bacteria","Proteobacteria","Betaproteobacteria","Burkholderiales","Unassigned","Unassigned","Unassigned",0.00222247614457018,"ASV_79"
"ASV_8","Bacteria","Actinobacteria","Actinobacteria","Actinomycetales","Streptomycetaceae","Streptomyces","Unassigned",0.0168439550731091,"ASV_8"
"ASV_80","Bacteria","Proteobacteria","Gammaproteobacteria","Xanthomonadales","Xanthomonadaceae","Pseudoxanthomonas","Pseudoxanthomonas_wuyuanensis",0.00206022642603509,"ASV_80"
"ASV_81","Bacteria","Proteobacteria","Deltaproteobacteria","Unassigned","Unassigned","Unassigned","Unassigned",0.00215537807784152,"ASV_81"
"ASV_83","Bacteria","Proteobacteria","Betaproteobacteria","Burkholderiales","Oxalobacteraceae","Unassigned","Unassigned",0.00188420498741823,"ASV_83"
"ASV_84","Bacteria","Proteobacteria","Deltaproteobacteria","Unassigned","Unassigned","Unassigned","Unassigned",0.00195947689075221,"ASV_84"
"ASV_85","Bacteria","Proteobacteria","Betaproteobacteria","Burkholderiales","Oxalobacteraceae","Unassigned","Unassigned",0.00186164300562567,"ASV_85"
"ASV_86","Bacteria","Actinobacteria","Actinobacteria","Actinomycetales","Micromonosporaceae","Couchioplanes","Unassigned",0.00197599324406527,"ASV_86"
"ASV_87","Bacteria","Actinobacteria","Actinobacteria","Actinomycetales","Nocardioidaceae","Nocardioides","Unassigned",0.00189565050050462,"ASV_87"
"ASV_88","Bacteria","Unassigned","Unassigned","Unassigned","Unassigned","Unassigned","Unassigned",0.0018224066589577,"ASV_88"
"ASV_89","Bacteria","Proteobacteria","Gammaproteobacteria","Xanthomonadales","Sinobacteraceae","Steroidobacter","Steroidobacter_agariperforans",0.00183050529538483,"ASV_89"
"ASV_9","Bacteria","Actinobacteria","Actinobacteria","Actinomycetales","Micromonosporaceae","Actinoplanes","Unassigned",0.0132475232202959,"ASV_9"
"ASV_90","Bacteria","Proteobacteria","Gammaproteobacteria","Pseudomonadales","Pseudomonadaceae","Pseudomonas","Unassigned",0.00202813025868505,"ASV_90"
"ASV_91","Bacteria","Proteobacteria","Unassigned","Unassigned","Unassigned","Unassigned","Unassigned",0.00184590872241469,"ASV_91"
"ASV_92","Bacteria","Actinobacteria","Actinobacteria","Actinomycetales","Pseudonocardiaceae","Actinophytocola","Unassigned",0.00175207132434315,"ASV_92"
"ASV_93","Bacteria","Proteobacteria","Gammaproteobacteria","Xanthomonadales","Xanthomonadaceae","Lysobacter","Lysobacter_brunescens",0.00181286539838744,"ASV_93"
"ASV_94","Bacteria","Proteobacteria","Betaproteobacteria","Burkholderiales","Burkholderiales_incertae_sedis","Aquabacterium","Unassigned",0.00167620769665341,"ASV_94"
"ASV_95","Bacteria","Actinobacteria","Actinobacteria","Actinomycetales","Unassigned","Unassigned","Unassigned",0.00183126653212967,"ASV_95"
"ASV_96","Bacteria","Proteobacteria","Alphaproteobacteria","Rhizobiales","Hyphomicrobiaceae","Devosia","Devosia_insulae",0.00163771911158154,"ASV_96"
"ASV_97","Bacteria","Proteobacteria","Betaproteobacteria","Burkholderiales","Comamonadaceae","Pelomonas","Pelomonas_puraquae",0.00162690165496437,"ASV_97"
"ASV_98","Bacteria","Proteobacteria","Betaproteobacteria","Burkholderiales","Oxalobacteraceae","Unassigned","Unassigned",0.00158520511747764,"ASV_98"
"ASV_99","Bacteria","Proteobacteria","Betaproteobacteria","Burkholderiales","Oxalobacteraceae","Pseudoduganella","Pseudoduganella_violaceinigra",0.00154277379311498,"ASV_99"
