<metadata xml:lang="zh"><Esri><CreaDate>20130923</CreaDate><CreaTime>16251200</CreaTime><ArcGISFormat>1.0</ArcGISFormat><SyncOnce>FALSE</SyncOnce><DataProperties><itemProps><itemName Sync="TRUE">县级行政区（面）</itemName><imsContentType Sync="TRUE">002</imsContentType><itemLocation><linkage Sync="TRUE">file://\\DESKTOP-CHR9TK6\D$\GeoData\OpenData\全国行政区划\县级行政区（面）.shp</linkage><protocol Sync="TRUE">Local Area Network</protocol></itemLocation><itemSize Sync="TRUE">0.000</itemSize></itemProps><coordRef><type Sync="TRUE">Geographic</type><geogcsn Sync="TRUE">GCS_WGS_1984</geogcsn><csUnits Sync="TRUE">Angular Unit: Degree (0.017453)</csUnits><peXml Sync="TRUE">&lt;GeographicCoordinateSystem xsi:type='typens:GeographicCoordinateSystem' xmlns:xsi='http://www.w3.org/2001/XMLSchema-instance' xmlns:xs='http://www.w3.org/2001/XMLSchema' xmlns:typens='http://www.esri.com/schemas/ArcGIS/10.3'&gt;&lt;WKT&gt;GEOGCS[&amp;quot;GCS_WGS_1984&amp;quot;,DATUM[&amp;quot;D_WGS_1984&amp;quot;,SPHEROID[&amp;quot;WGS_1984&amp;quot;,6378137.0,298.257223563]],PRIMEM[&amp;quot;Greenwich&amp;quot;,0.0],UNIT[&amp;quot;Degree&amp;quot;,0.0174532925199433],AUTHORITY[&amp;quot;EPSG&amp;quot;,4326]]&lt;/WKT&gt;&lt;XOrigin&gt;-400&lt;/XOrigin&gt;&lt;YOrigin&gt;-400&lt;/YOrigin&gt;&lt;XYScale&gt;11258999068426.238&lt;/XYScale&gt;&lt;ZOrigin&gt;-100000&lt;/ZOrigin&gt;&lt;ZScale&gt;10000&lt;/ZScale&gt;&lt;MOrigin&gt;-100000&lt;/MOrigin&gt;&lt;MScale&gt;10000&lt;/MScale&gt;&lt;XYTolerance&gt;8.983152841195215e-009&lt;/XYTolerance&gt;&lt;ZTolerance&gt;0.001&lt;/ZTolerance&gt;&lt;MTolerance&gt;0.001&lt;/MTolerance&gt;&lt;HighPrecision&gt;true&lt;/HighPrecision&gt;&lt;LeftLongitude&gt;-180&lt;/LeftLongitude&gt;&lt;WKID&gt;4326&lt;/WKID&gt;&lt;LatestWKID&gt;4326&lt;/LatestWKID&gt;&lt;/GeographicCoordinateSystem&gt;</peXml></coordRef><lineage><Process ToolSource="c:\program files (x86)\arcgis\desktop10.1\ArcToolbox\Toolboxes\Conversion Tools.tbx\FeatureClassToFeatureClass" Date="20130923" Time="162515">FeatureClassToFeatureClass F:\地理信息系统\临时\中国地理基础数据旧\县级行政界线\BOUNT_poly.shp F:\地理信息系统\基础地理信息数据库.mdb\中国 县级行政区（面） # "AREA "AREA" true true false 31 Double 15 30 ,First,#,F:\地理信息系统\临时\中国地理基础数据旧\县级行政界线\BOUNT_poly.shp,AREA,-1,-1;PERIMETER "PERIMETER" true true false 31 Double 15 30 ,First,#,F:\地理信息系统\临时\中国地理基础数据旧\县级行政界线\BOUNT_poly.shp,PERIMETER,-1,-1;BOUNT_ "BOUNT_" true true false 11 Double 0 11 ,First,#,F:\地理信息系统\临时\中国地理基础数据旧\县级行政界线\BOUNT_poly.shp,BOUNT_,-1,-1;BOUNT_ID "BOUNT_ID" true true false 11 Double 0 11 ,First,#,F:\地理信息系统\临时\中国地理基础数据旧\县级行政界线\BOUNT_poly.shp,BOUNT_ID,-1,-1;GBCODE "GBCODE" true true false 6 Text 0 0 ,First,#,F:\地理信息系统\临时\中国地理基础数据旧\县级行政界线\BOUNT_poly.shp,GBCODE,-1,-1;ADCODE99 "ADCODE99" true true false 6 Text 0 0 ,First,#,F:\地理信息系统\临时\中国地理基础数据旧\县级行政界线\BOUNT_poly.shp,ADCODE99,-1,-1;NAME99 "NAME99" true true false 40 Text 0 0 ,First,#,F:\地理信息系统\临时\中国地理基础数据旧\县级行政界线\BOUNT_poly.shp,NAME99,-1,-1;SH2 "SH2" true true false 2 Text 0 0 ,First,#,F:\地理信息系统\临时\中国地理基础数据旧\县级行政界线\BOUNT_poly.shp,SH2,-1,-1;DI2 "DI2" true true false 2 Text 0 0 ,First,#,F:\地理信息系统\临时\中国地理基础数据旧\县级行政界线\BOUNT_poly.shp,DI2,-1,-1;X2 "X2" true true false 2 Text 0 0 ,First,#,F:\地理信息系统\临时\中国地理基础数据旧\县级行政界线\BOUNT_poly.shp,X2,-1,-1;CENTROID_Y "CENTROID_Y" true true false 31 Double 15 30 ,First,#,F:\地理信息系统\临时\中国地理基础数据旧\县级行政界线\BOUNT_poly.shp,CENTROID_Y,-1,-1;CENTROID_X "CENTROID_X" true true false 31 Double 15 30 ,First,#,F:\地理信息系统\临时\中国地理基础数据旧\县级行政界线\BOUNT_poly.shp,CENTROID_X,-1,-1" #</Process><Process Name="Repair Geometry" ToolSource="d:\program files (x86)\arcgis\desktop10.1\ArcToolbox\Toolboxes\Data Management Tools.tbx\RepairGeometry" Date="20140421" Time="180022">RepairGeometry 县级行政区（面） DELETE_NULL</Process><Process ToolSource="c:\program files (x86)\arcgis\desktop10.2\ArcToolbox\Toolboxes\Data Management Tools.tbx\CopyFeatures" Date="20160518" Time="074241">CopyFeatures E:\data\教学part1\新建文件夹\基础地理信息数据库.mdb\中国\县级行政区（面） E:\data\教学part1\新建文件夹\世界_gdb\中国.gdb\县级行政区（面） # 0 0 0</Process><Process ToolSource="c:\program files (x86)\arcgis\desktop10.3\ArcToolbox\Toolboxes\Data Management Tools.tbx\CopyFeatures" Date="20180812" Time="213011">CopyFeatures D:\NOKA\Storage\2016-8~\ArcMap\课堂演练数据\世界_gdb\中国.gdb\县级行政区（面） D:\GeoData\OpenData\全国行政区划\县级行政区（面）.shp # 0 0 0</Process></lineage></DataProperties><SyncDate>20180812</SyncDate><SyncTime>21301000</SyncTime><ModDate>20180812</ModDate><ModTime>21301000</ModTime></Esri><dataIdInfo><envirDesc Sync="TRUE"> Version 6.2 (Build 9200) ; Esri ArcGIS 10.3.0.4322</envirDesc><dataLang><languageCode value="zho" Sync="TRUE"></languageCode><countryCode value="CHN" Sync="TRUE"></countryCode></dataLang><idCitation><resTitle Sync="TRUE">县级行政区（面）</resTitle><presForm><PresFormCd value="005" Sync="TRUE"></PresFormCd></presForm></idCitation><spatRpType><SpatRepTypCd value="001" Sync="TRUE"></SpatRepTypCd></spatRpType></dataIdInfo><mdLang><languageCode value="zho" Sync="TRUE"></languageCode><countryCode value="CHN" Sync="TRUE"></countryCode></mdLang><distInfo><distFormat><formatName Sync="TRUE">Shapefile</formatName></distFormat><distTranOps><transSize Sync="TRUE">0.000</transSize></distTranOps></distInfo><mdHrLv><ScopeCd value="005" Sync="TRUE"></ScopeCd></mdHrLv><mdHrLvName Sync="TRUE">dataset</mdHrLvName><refSysInfo><RefSystem><refSysID><identCode code="4326" Sync="TRUE"></identCode><idCodeSpace Sync="TRUE">EPSG</idCodeSpace><idVersion Sync="TRUE">8.2.6</idVersion></refSysID></RefSystem></refSysInfo><spatRepInfo><VectSpatRep><geometObjs Name="县级行政区（面）"><geoObjTyp><GeoObjTypCd value="002" Sync="TRUE"></GeoObjTypCd></geoObjTyp><geoObjCnt Sync="TRUE">0</geoObjCnt></geometObjs><topLvl><TopoLevCd value="001" Sync="TRUE"></TopoLevCd></topLvl></VectSpatRep></spatRepInfo><spdoinfo><ptvctinf><esriterm Name="县级行政区（面）"><efeatyp Sync="TRUE">Simple</efeatyp><efeageom code="4" Sync="TRUE"></efeageom><esritopo Sync="TRUE">FALSE</esritopo><efeacnt Sync="TRUE">0</efeacnt><spindex Sync="TRUE">FALSE</spindex><linrefer Sync="TRUE">FALSE</linrefer></esriterm></ptvctinf></spdoinfo><eainfo><detailed Name="县级行政区（面）"><enttyp><enttypl Sync="TRUE">县级行政区（面）</enttypl><enttypt Sync="TRUE">Feature Class</enttypt><enttypc Sync="TRUE">0</enttypc></enttyp><attr><attrlabl Sync="TRUE">FID</attrlabl><attalias Sync="TRUE">FID</attalias><attrtype Sync="TRUE">OID</attrtype><attwidth Sync="TRUE">4</attwidth><atprecis Sync="TRUE">0</atprecis><attscale Sync="TRUE">0</attscale><attrdef Sync="TRUE">Internal feature number.</attrdef><attrdefs Sync="TRUE">Esri</attrdefs><attrdomv><udom Sync="TRUE">Sequential unique whole numbers that are automatically generated.</udom></attrdomv></attr><attr><attrlabl Sync="TRUE">Shape</attrlabl><attalias Sync="TRUE">Shape</attalias><attrtype Sync="TRUE">Geometry</attrtype><attwidth Sync="TRUE">0</attwidth><atprecis Sync="TRUE">0</atprecis><attscale Sync="TRUE">0</attscale><attrdef Sync="TRUE">Feature geometry.</attrdef><attrdefs Sync="TRUE">Esri</attrdefs><attrdomv><udom Sync="TRUE">Coordinates defining the features.</udom></attrdomv></attr><attr><attrlabl Sync="TRUE">Shape_Leng</attrlabl><attalias Sync="TRUE">Shape_Leng</attalias><attrtype Sync="TRUE">Double</attrtype><attwidth Sync="TRUE">19</attwidth><atprecis Sync="TRUE">0</atprecis><attscale Sync="TRUE">0</attscale></attr><attr><attrlabl Sync="TRUE">Shape_Area</attrlabl><attalias Sync="TRUE">Shape_Area</attalias><attrtype Sync="TRUE">Double</attrtype><attwidth Sync="TRUE">19</attwidth><atprecis Sync="TRUE">0</atprecis><attscale Sync="TRUE">0</attscale><attrdef Sync="TRUE">Area of feature in internal units squared.</attrdef><attrdefs Sync="TRUE">Esri</attrdefs><attrdomv><udom Sync="TRUE">Positive real numbers that are automatically generated.</udom></attrdomv></attr></detailed></eainfo><mdDateSt Sync="TRUE">20180812</mdDateSt></metadata>
